TENANT,SOH,ENCODE,IDENTIFY,LOOKUP,SEARCHANDPICK,INVENTORY,UPDATE_INVENTORY,RECEIVING,SHIPPING,PACKING
CENT,PASSED,FAILED,PASSED,PASSED,PASSED,PASSED,PASSED,PASSED,PASSED,FAILED
CELINE,PASSED,PASSED,PASSED,PASSED,PASSED,PASSED,PASSED,PASSED,PASSED,PASSED
CHIP,PASSED,PASSED,PASSED,PASSED,PASSED,PASSED,PASSED,PASSED,PASSED,PASSED
FALA,PASSED,PASSED,PASSED,PASSED,PASSED,PASSED,PASSED,PASSED,PASSED,PASSED
FALACO,PASSED,PASSED,PASSED,PASSED,PASSED,PASSED,PASSED,PASSED,PASSED,FAILED
FALAPE,PASSED,PASSED,PASSED,PASSED,PASSED,PASSED,PASSED,PASSED,PASSED,PASSED
FISIA,PASSED,PASSED,PASSED,PASSED,PASSED,PASSED,PASSED,PASSED,PASSED,PASSED
IVONNE,PASSED,PASSED,PASSED,PASSED,PASSED,PASSED,PASSED,PASSED,PASSED,PASSED
OECHSLE,PASSED,PASSED,PASSED,PASSED,PASSED,PASSED,PASSED,PASSED,PASSED,PASSED
PEI,PASSED,PASSED,PASSED,PASSED,PASSED,PASSED,PASSED,PASSED,PASSED,PASSED
PERN,PASSED,PASSED,PASSED,PASSED,PASSED,PASSED,PASSED,PASSED,PASSED,PASSED
STUDIOF,PASSED,PASSED,PASSED,PASSED,PASSED,PASSED,PASSED,PASSED,PASSED,PASSED
TORRA,PASSED,PASSED,PASSED,PASSED,PASSED,PASSED,PASSED,PASSED,PASSED,PASSED
TOSCA,PASSED,PASSED,PASSED,PASSED,PASSED,PASSED,PASSED,PASSED,PASSED,PASSED
TRR,PASSED,PASSED,PASSED,PASSED,PASSED,PASSED,PASSED,PASSED,PASSED,PASSED
